{
    "input_size": 3,
    "output_size": 2,
    "activation_name": "relu",
    "weights": [
        [
            -0.023829386,
            0.0069132494,
            0.0026838533
        ],
        [
            0.020949205,
            0.0077045485,
            0.005393765
        ]
    ],
    "bias": [
        [
            0.0028336197
        ],
        [
            0.02374049
        ]
    ]
}
