{"weights":[[-0.007604501,-0.008453012,0.0035031522],[0.003980986,-0.0070374273,-0.015358591]],"input_size":3,"bias":[[-0.009966608],[0.0114170015]],"output_size":2}